<?xml version="1.0" encoding="UTF-8"?>
<configuration scan="false" scanPeriod="60 seconds" debug="false">
	<property name="LOG_HOME" value="./logs" />
	<property name="appName" value="registry"/>
	<property name="log_level" value="DEBUG"/>
	<property name="root_log_level" value="INFO"/>
	 <appender name="SUAPLOG" class="ch.qos.logback.core.rolling.RollingFileAppender">
   		<filter class="ch.qos.logback.classic.filter.ThresholdFilter">
			<level>${log_level}</level>
		</filter>
		<rollingPolicy class="ch.qos.logback.core.rolling.SizeAndTimeBasedRollingPolicy">
			  <fileNamePattern>${LOG_HOME}/${appName}-normal/%d{yyyy-MM-dd,aux}/${appName}-%d{yyyy-MM-dd-HH}-%i.log</fileNamePattern>
			  <maxFileSize>200MB</maxFileSize>    
			  <maxHistory>7</maxHistory>
			  <totalSizeCap>10GB</totalSizeCap>
		</rollingPolicy>
        <encoder>
            <pattern>%d{yyyy-MM-dd HH:mm:ss.SSS} %-5level %logger{20}:%L - %msg%n</pattern>
            <charset>utf-8</charset>
        </encoder>
    </appender>
    
	<logger name="com.ccb.suap" level="${log_level}" additivity="false">
		<appender-ref ref="SUAPLOG"/>
    </logger>
    <appender name="CONSOLE" class="ch.qos.logback.core.ConsoleAppender">
        <encoder>
            <pattern>%d{yyyy-MM-dd HH:mm:ss.SSS} %-5level %logger{20}:%L - %msg%n</pattern>
            <charset>utf-8</charset>
        </encoder>
    </appender>
	<root level="${root_log_level}">
		<appender-ref ref="CONSOLE" />
		<appender-ref ref="SUAPLOG" />
	</root>
</configuration>